id,sales_id,feature_id,location_id,bedrooms,squareFootage,bathrooms,lotSize,lastSalePrice,lastSaleDate,longitude,latitude
4714363184,1,1,1,3.0,1752.0,2.0,5275.0,0.0,2009-03-02T00:00:00.000Z,-95.305576,30.019056
4714363472,2,2,2,0.0,987.0,0.0,42837.0,0.0,Not available,-73.901971,40.744014
4714363760,3,3,3,0.0,2590.0,3.0,9400.0,1230000.0,2019-09-03T00:00:00.000Z,-73.72128,40.782605
4714364144,4,4,4,4.0,2955.0,2.5,9148.0,480000.0,2018-10-22T00:00:00.000Z,-78.954437,33.669763
4714364336,2,5,5,0.0,0.0,0.0,0.0,0.0,Not available,-122.555835,45.703463
4714455088,5,6,6,3.0,1473.0,2.5,2269.0,357515.0,2023-12-15T00:00:00.000Z,-115.186565,36.190111
4714455472,6,7,7,3.0,1056.0,1.0,4687.0,90000.0,1992-01-09T00:00:00.000Z,-87.764157,41.92974
4714455664,2,8,8,3.0,2831.0,4.0,37897.0,0.0,Not available,-82.541714,35.603245
4714456144,7,9,9,5.0,2415.0,2.0,6001.0,378300.0,2022-06-23T00:00:00.000Z,-82.423851,27.727523
4714456528,8,10,10,3.0,2039.0,2.0,6689.0,189488.0,2012-10-01T00:00:00.000Z,-119.905889,39.505499
4714456816,2,11,11,5.0,1852.0,1.0,0.0,0.0,Not available,-122.682277,48.289143
4714457008,2,5,12,0.0,0.0,0.0,0.0,0.0,Not available,-87.710464,41.772877
4714457392,9,12,13,4.0,4160.0,4.0,7700.0,0.0,2011-01-18T00:00:00.000Z,-96.792292,32.852341
4714457584,2,5,14,0.0,0.0,0.0,0.0,0.0,Not available,-104.949223,40.214028
4714458064,10,13,15,5.0,3236.0,4.0,7475.0,0.0,2023-11-14T00:00:00.000Z,-97.867915,30.227939
4714024720,2,5,16,0.0,0.0,0.0,0.0,0.0,Not available,-118.118747,34.067828
4714458544,11,14,17,4.0,1188.0,2.0,20865.0,526000.0,2021-10-05T00:00:00.000Z,-76.86938,39.279158
4714537008,12,15,18,4.0,1982.0,2.5,37462.0,259000.0,2004-06-01T00:00:00.000Z,-84.805308,34.148742
4714537200,2,16,19,0.0,1036.0,1.0,6700.0,0.0,Not available,-112.084507,33.458164
4714537584,13,17,20,4.0,2478.0,2.0,12589.0,236500.0,2020-02-04T00:00:00.000Z,-95.843954,36.059764
4714537872,14,18,21,4.0,2826.0,4.0,7200.0,245000.0,2013-11-26T00:00:00.000Z,-117.272927,34.497076
4714547280,15,19,22,0.0,1325.0,0.0,2483.0,0.0,2016-03-10T00:00:00.000Z,-103.489177,31.42411
4714538352,2,20,23,2.0,1044.0,1.0,3200.0,0.0,Not available,-121.257362,37.979365
4714538640,16,21,24,2.0,806.0,1.0,4092.0,63000.0,1988-12-19T00:00:00.000Z,-88.281512,42.048001
4714539024,17,22,25,0.0,926.0,0.0,0.0,64900.0,1996-02-26T00:00:00.000Z,-85.462448,32.604816
4714539312,18,23,26,3.0,1300.0,2.0,5662.0,270000.0,2019-08-05T00:00:00.000Z,-120.970375,37.666367
4714539504,2,24,27,1.0,0.0,1.0,0.0,0.0,Not available,-73.957458,40.777484
4714539888,2,25,28,3.0,1176.0,2.0,15196.0,0.0,Not available,-94.623006,38.951785
4714540080,19,26,29,3.0,1646.0,2.0,11413.0,0.0,2021-12-08T00:00:00.000Z,-116.779776,47.747563
4714540464,20,27,30,3.0,1032.0,1.0,735.0,216000.0,2022-10-27T00:00:00.000Z,-75.169055,39.930132
4714540944,21,28,31,2.0,733.0,1.0,5520.0,165000.0,2022-03-08T00:00:00.000Z,-87.795008,41.811241
4714024160,2,5,32,0.0,0.0,0.0,0.0,0.0,Not available,-86.221711,39.920705
4714024608,2,5,33,0.0,0.0,0.0,0.0,0.0,Not available,-72.500355,41.840994
4714639696,22,29,34,3.0,1780.0,2.5,5227.0,175000.0,2021-10-27T00:00:00.000Z,-92.739022,41.742621
4714640080,23,30,35,0.0,0.0,0.0,5009.0,400000.0,2008-08-01T00:00:00.000Z,-77.897486,34.023365
4714640368,24,31,36,3.0,1200.0,1.5,0.0,270000.0,1986-05-09T00:00:00.000Z,-73.97536,40.790594
4714664096,2,32,37,1.0,977.0,1.0,0.0,0.0,Not available,-80.184326,26.232489
4714640656,25,33,38,4.0,2936.0,3.0,14525.0,380000.0,2020-07-07T00:00:00.000Z,-83.970395,36.08884
4714641040,26,34,39,3.0,1584.0,2.5,5225.0,125715.0,1997-06-26T00:00:00.000Z,-104.81303,39.781087
4714657792,27,35,40,0.0,0.0,0.0,25265.0,33000.0,2013-07-03T00:00:00.000Z,-84.250785,35.591406
4714641232,2,5,41,0.0,0.0,0.0,0.0,0.0,Not available,-86.790231,36.112985
4714641712,28,36,42,3.0,1300.0,2.5,28314.0,83000.0,2020-08-05T00:00:00.000Z,-84.924985,33.652162
4714659152,29,37,43,2.0,1161.0,2.0,6027.0,0.0,2022-05-12T00:00:00.000Z,-89.537222,34.3483
4714642192,30,38,44,3.0,1544.0,2.0,7841.0,0.0,2006-08-14T00:00:00.000Z,-96.710593,33.053343
4714642384,2,5,45,0.0,0.0,0.0,0.0,0.0,Not available,-73.204277,41.190738
4714642576,2,5,46,0.0,0.0,0.0,0.0,0.0,Not available,-75.89343,41.267134
4714642768,31,39,47,3.0,1834.0,2.5,3298.0,255000.0,1991-08-06T00:00:00.000Z,-121.870309,37.686814
4714643152,32,40,48,4.0,2797.0,2.5,13736.0,0.0,2008-09-11T00:00:00.000Z,-96.58863,32.772203
4714737808,2,41,49,2.0,916.0,2.0,6534.0,0.0,Not available,-97.309652,37.702998
4714738192,2,42,50,3.0,1341.0,2.0,7228.0,0.0,Not available,-81.766655,30.27594
4714738480,33,43,51,1.0,795.0,1.0,0.0,35000.0,2019-12-20T00:00:00.000Z,-72.58905,42.105267
4714738960,34,44,52,3.0,2224.0,2.0,5489.0,0.0,2021-05-25T00:00:00.000Z,-95.66386,29.916796
4714739440,35,45,53,4.0,1801.0,2.0,5502.0,0.0,2021-11-02T00:00:00.000Z,-96.228882,33.047246
4714664544,36,46,54,1.0,705.0,1.0,43560.0,255000.0,2021-12-08T00:00:00.000Z,-80.058308,26.70651
4714739920,2,5,55,0.0,0.0,0.0,0.0,0.0,Not available,-121.318287,44.065834
4714664768,2,5,56,0.0,0.0,0.0,0.0,0.0,Not available,-87.796125,41.713107
4714740112,2,5,57,0.0,0.0,0.0,0.0,0.0,Not available,-93.17876,43.147963
4714740304,37,24,58,3.0,1908.0,2.0,14375.0,175900.0,2014-07-11T00:00:00.000Z,-88.20972,41.475887
4714740688,38,47,59,2.0,829.0,1.0,5000.0,340000.0,2017-01-13T00:00:00.000Z,-122.297609,37.963913
4714765568,2,48,60,3.0,1220.0,1.5,0.0,0.0,Not available,-83.965954,39.67017
4714741072,2,49,61,0.0,2764.0,0.0,3913.0,0.0,Not available,-90.096097,29.930896
4714741264,39,50,62,3.0,2278.0,3.5,2932.0,275000.0,2021-04-20T00:00:00.000Z,-81.801505,41.261622
4714741456,2,35,63,0.0,0.0,0.0,17184420.0,0.0,Not available,-77.905859,38.19311
4715876592,40,51,64,2.0,2604.0,2.5,7240.0,0.0,2019-02-05T00:00:00.000Z,-95.642523,30.024075
4715877072,41,52,65,3.0,1801.0,2.0,7963.0,0.0,2017-10-25T00:00:00.000Z,-97.031706,33.057798
4715877456,42,53,66,3.0,1550.0,2.0,5663.0,272000.0,2022-06-27T00:00:00.000Z,-94.11395,36.445257
4715877840,43,54,67,4.0,2048.0,2.0,44431.0,390000.0,2017-08-11T00:00:00.000Z,-122.372312,40.521902
4714664992,2,5,68,0.0,0.0,0.0,0.0,0.0,Not available,-111.714409,33.595757
4715871248,44,5,69,0.0,0.0,0.0,0.0,825000.0,2016-08-01T00:00:00.000Z,-91.708375,35.251628
4715878032,2,5,70,0.0,0.0,0.0,0.0,0.0,Not available,-90.023876,34.998092
4714665216,2,5,71,0.0,0.0,0.0,0.0,0.0,Not available,-117.115509,33.497163
4714665440,45,55,72,1.0,630.0,1.0,0.0,66000.0,2002-02-01T00:00:00.000Z,-80.104208,26.222943
4715878608,46,56,73,2.0,2303.0,2.5,9148.0,425000.0,2021-10-14T00:00:00.000Z,-82.284195,29.119772
4715878896,2,57,74,3.0,1220.0,3.0,1500.0,0.0,Not available,-77.403783,38.893585
4715879088,2,5,75,0.0,0.0,0.0,0.0,0.0,Not available,-86.904275,40.037866
4715879280,47,5,76,0.0,0.0,0.0,0.0,415000.0,2019-06-27T00:00:00.000Z,-83.029134,39.958662
4715879472,2,5,77,0.0,0.0,0.0,0.0,0.0,Not available,-87.946649,43.042057
4715879664,2,58,78,3.0,2077.0,2.5,10019.0,0.0,Not available,-83.312254,42.184273
4715879856,48,59,79,3.0,1701.0,2.0,5532.0,175000.0,2013-04-12T00:00:00.000Z,-81.780946,26.579504
4715880240,49,60,80,2.0,836.0,1.0,6812.0,135000.0,2021-05-20T00:00:00.000Z,-82.414195,28.026467
4715954416,50,19,81,3.0,1812.0,2.0,6534.0,358310.0,2023-06-16T00:00:00.000Z,-82.46094,34.900619
4715954608,2,5,82,0.0,0.0,0.0,0.0,0.0,Not available,-86.977689,34.521312
4714665776,51,24,83,4.0,4138.0,4.5,75794.0,1520000.0,2022-08-11T00:00:00.000Z,-85.623765,42.956505
4715954800,2,5,84,0.0,0.0,0.0,0.0,0.0,Not available,-111.877277,40.688339
4715954992,52,35,85,0.0,0.0,0.0,87991.0,75000.0,2007-01-24T00:00:00.000Z,-76.59473,36.035334
4715959360,2,5,86,0.0,0.0,0.0,0.0,0.0,Not available,-80.6727,32.4337
4715955472,53,61,87,3.0,1216.0,1.5,19166.0,69000.0,1998-01-01T00:00:00.000Z,-97.893405,38.092794
4715955856,54,62,88,3.0,1534.0,2.0,6599.0,159900.0,2004-09-15T00:00:00.000Z,-81.513255,30.316527
4715956048,2,32,89,3.0,1319.0,1.0,3955.0,0.0,Not available,-71.082863,42.28857
4715956432,55,63,90,2.0,972.0,1.0,7300.0,119400.0,2020-11-25T00:00:00.000Z,-92.594656,34.564968
4715961600,2,5,91,0.0,0.0,0.0,0.0,0.0,Not available,-84.203573,39.757333
4715956624,2,5,92,0.0,0.0,0.0,0.0,0.0,Not available,-79.265243,34.198265
4715956912,56,64,93,3.0,2169.0,2.5,14375.0,312000.0,2020-11-19T00:00:00.000Z,-78.647258,33.877814
4715957104,2,5,94,0.0,0.0,0.0,0.0,0.0,Not available,-81.325012,41.088737
4715957488,57,65,95,4.0,3478.0,3.5,14013.0,357000.0,2001-06-22T00:00:00.000Z,-71.135475,42.691118
4715957776,58,19,96,0.0,1249.0,0.0,0.0,132100.0,2014-09-09T00:00:00.000Z,-91.009224,30.456349
4715958160,59,66,97,4.0,2381.0,3.5,11200.0,676500.0,1989-08-31T00:00:00.000Z,-122.059545,37.327643
4716032336,60,67,98,3.0,1274.0,1.0,10625.0,124000.0,2009-01-20T00:00:00.000Z,-95.958679,41.134326
4716032720,2,68,99,4.0,1606.0,3.0,10454.0,0.0,Not available,-95.278736,38.9797
4716032912,2,5,100,0.0,0.0,0.0,0.0,0.0,Not available,-97.773931,30.262285
4716033104,61,69,101,2.0,779.0,2.0,0.0,579384.0,2013-11-26T00:00:00.000Z,-73.827027,40.755493
4716033488,62,70,102,3.0,1256.0,1.0,6247.0,0.0,1998-05-06T00:00:00.000Z,-97.387042,32.734104
4716033680,2,5,103,0.0,0.0,0.0,0.0,0.0,Not available,-112.870775,32.384267
4714666448,2,5,104,0.0,0.0,0.0,0.0,0.0,Not available,-82.656282,27.855863
4716034064,63,71,105,4.0,1320.0,2.0,7204.0,161000.0,1996-02-29T00:00:00.000Z,-117.911109,34.14787
4716034352,64,72,106,3.0,1846.0,2.0,8625.0,119000.0,2006-09-14T00:00:00.000Z,-97.556974,35.586743
4716034736,65,73,107,0.0,1500.0,0.0,9300.0,290000.0,2019-10-16T00:00:00.000Z,-74.454647,40.607236
4716034928,66,24,108,4.0,2252.0,2.0,26136.0,128000.0,2014-06-02T00:00:00.000Z,-76.246993,36.343352
4716035312,67,74,109,0.0,2433.0,0.0,5603.0,52000.0,2008-12-08T00:00:00.000Z,-80.173546,26.129955
4716035504,2,75,110,1.0,820.0,1.0,0.0,0.0,Not available,-82.393527,27.706762
4716035888,68,76,111,3.0,1733.0,2.0,6300.0,280000.0,2021-02-12T00:00:00.000Z,-82.444939,28.039664
4716114160,69,77,112,4.0,3036.0,3.5,12632.0,565000.0,2015-09-01T00:00:00.000Z,-88.095645,41.97036
4716114352,2,5,113,0.0,0.0,0.0,0.0,0.0,Not available,-81.994328,28.893816
4716114736,2,78,114,3.0,1202.0,1.0,3750.0,0.0,Not available,-87.666232,41.751684
4716100144,70,79,115,3.0,2278.0,2.0,8400.0,168464.0,2016-07-01T00:00:00.000Z,-90.49881,41.488425
4716100944,71,80,116,3.0,1592.0,2.0,9000.0,395000.0,2007-01-25T00:00:00.000Z,-121.144978,38.67946
4716115024,2,19,117,4.0,3393.0,4.0,0.0,0.0,Not available,-118.16772,34.126349
4716115408,72,81,118,4.0,1890.0,2.5,6700.0,259000.0,2004-07-19T00:00:00.000Z,-80.110606,26.790256
4716115792,73,82,119,4.0,2106.0,2.0,7340.0,395000.0,2022-04-01T00:00:00.000Z,-80.44703,25.451633
4716116176,2,83,120,0.0,0.0,1.0,89298.0,0.0,Not available,-88.757626,33.413804999999996
4716116368,2,5,121,0.0,0.0,0.0,0.0,0.0,Not available,-76.963862,38.967285
4716116752,74,84,122,3.0,1723.0,2.0,8250.0,0.0,2021-03-02T00:00:00.000Z,-97.715412,30.432511
4716116944,2,5,123,0.0,0.0,0.0,0.0,0.0,Not available,-76.976621,38.628233
4716117232,75,85,124,2.0,975.0,2.0,1742.0,142000.0,2009-12-17T00:00:00.000Z,-93.327128,44.767308
4716117424,76,5,125,0.0,0.0,0.0,0.0,40000.0,2004-06-01T00:00:00.000Z,-94.700807,37.830114
4714666896,77,86,126,2.0,894.0,1.0,0.0,112500.0,2023-11-02T00:00:00.000Z,-73.02863,41.467358
4716117808,78,87,127,6.0,6479.0,5.0,26136.0,925000.0,2022-08-29T00:00:00.000Z,-81.320142,35.79114
4716212464,2,88,128,0.0,4256.0,4.0,16183.0,0.0,Not available,-111.795425,33.460388
4716212944,79,89,129,2.0,918.0,1.0,8712.0,239000.0,2019-08-01T00:00:00.000Z,-123.081577,44.004515
4716193712,2,24,130,2.0,1344.0,1.0,0.0,0.0,Not available,-101.606874,35.655126
4716213232,80,90,131,3.0,1459.0,2.0,10018.0,69000.0,2021-10-26T00:00:00.000Z,-117.973014,35.102629
4716213712,81,91,132,3.0,1998.0,2.5,1786.0,213000.0,2017-04-21T00:00:00.000Z,-83.091489,39.862724
4716214192,82,92,133,3.0,2537.0,2.0,24829.0,101100.0,2012-09-01T00:00:00.000Z,-82.207412,29.066663
4716214576,83,93,134,2.0,964.0,2.0,0.0,250000.0,2021-10-28T00:00:00.000Z,-105.095282,39.710398
4714667120,2,32,135,2.0,846.0,1.0,0.0,0.0,Not available,-106.504173,35.129833
4716214768,2,5,136,0.0,0.0,0.0,0.0,0.0,Not available,-83.65725,32.845739
4716214960,84,94,137,0.0,1676.0,0.0,0.0,1600000.0,2009-08-28T00:00:00.000Z,-73.974845,40.789563
4716215248,2,95,138,2.0,1152.0,1.5,1369.0,0.0,Not available,-117.699013,34.082665
4716215440,2,24,139,3.0,2960.0,2.5,217800.0,0.0,Not available,-86.58319594,35.547828057
4714667456,2,5,140,0.0,0.0,0.0,0.0,0.0,Not available,-96.960946,33.008785
4716215824,85,96,141,0.0,1832.0,2.0,10787.0,210000.0,2017-10-31T00:00:00.000Z,-112.256679,33.629271
4716216208,86,97,142,4.0,1654.0,2.0,12902.0,265000.0,2001-02-01T00:00:00.000Z,-71.037274,42.529731
4716298576,87,98,143,2.0,1035.0,1.0,12460.0,187500.0,2011-05-31T00:00:00.000Z,-81.362909,28.528165
4716298768,2,5,144,0.0,0.0,0.0,0.0,0.0,Not available,-96.828556,32.749213
4716299248,2,99,145,0.0,1350.0,0.0,2150.0,0.0,Not available,-73.923659,40.646282
4716299632,88,100,146,3.0,1474.0,1.5,7200.0,375000.0,2018-10-17T00:00:00.000Z,-74.035131,40.174587
4716300016,89,101,147,0.0,1142.0,2.0,3800.0,410000.0,2019-07-17T00:00:00.000Z,-73.649187,40.705944
4716300496,90,102,148,4.0,2223.0,2.0,4592.0,0.0,2017-04-21T00:00:00.000Z,-96.74679,33.209105
4716300880,91,103,149,5.0,1973.0,3.0,12415.0,732500.0,2022-01-06T00:00:00.000Z,-73.621695,40.635637
4716301360,2,104,150,3.0,1676.0,2.0,14113.0,0.0,Not available,-83.003283,40.04687
4716301648,92,105,151,3.0,1680.0,2.0,20909.0,175000.0,2004-06-08T00:00:00.000Z,-80.905499,35.485611
4716302128,93,106,152,0.0,1608.0,1.0,23958.0,400000.0,2021-03-29T00:00:00.000Z,-82.471707,39.650836
4716380304,94,107,153,0.0,806.0,1.0,13936.0,19000.0,2015-11-18T00:00:00.000Z,-78.970181,36.423026
4716380880,95,19,154,5.0,4403.0,4.5,0.0,1698500.0,2024-03-18T00:00:00.000Z,-121.323552,38.783024
4716381360,2,108,155,4.0,3736.0,3.5,19602.0,0.0,Not available,-86.490334,34.834461
4716381744,2,109,156,3.0,1090.0,1.0,6839.0,0.0,Not available,-90.344793,38.679325
4716382128,96,110,157,5.0,3024.0,4.0,8115.0,590000.0,1989-07-21T00:00:00.000Z,-118.544512,34.045646
4716382416,2,111,158,0.0,0.0,0.0,7200.0,0.0,Not available,-81.687544,30.607949
4716382704,97,112,159,3.0,1705.0,3.0,11443.0,165000.0,2010-09-08T00:00:00.000Z,-84.193753,39.424164
4716382992,2,113,160,2.0,1560.0,2.0,8407.0,0.0,Not available,-122.047464,37.010012
4716383184,2,114,161,2.0,0.0,1.0,2614.0,0.0,Not available,-74.056427,40.751076
4716383568,98,115,162,2.0,1109.0,2.0,871.0,224990.0,2022-12-22T00:00:00.000Z,-81.343482,29.92761
4716383760,2,5,163,0.0,0.0,0.0,0.0,0.0,Not available,-78.625592,35.829065
4716384144,99,116,164,5.0,3369.0,3.0,22913.0,1520000.0,2016-08-22T00:00:00.000Z,-106.281527,39.627996
4716454320,2,117,165,5.0,2532.0,3.5,6098.0,0.0,Not available,-115.262734,36.214664
4716454512,2,5,166,0.0,0.0,0.0,0.0,0.0,Not available,-80.485582,25.44786
4716454896,100,118,167,3.0,1222.0,1.0,20038.0,80000.0,2013-06-07T00:00:00.000Z,-81.231312,35.386602
4716455088,2,5,168,0.0,0.0,0.0,0.0,0.0,Not available,-82.437961,42.973071
4716455472,101,119,169,0.0,2783.0,0.0,14723.0,167000.0,2001-06-04T00:00:00.000Z,-75.096429,39.71237
4716455856,102,120,170,3.0,1405.0,1.5,12400.0,123000.0,2013-07-31T00:00:00.000Z,-83.713942,41.720062
4716456144,2,121,171,3.0,960.0,1.0,8487.0,0.0,Not available,-95.749733,39.036742
4716456624,103,122,172,2.0,1320.0,1.5,2178.0,145447.0,2014-05-29T00:00:00.000Z,-79.976548,39.62922
4716457008,104,123,173,3.0,1000.0,1.0,8668.0,95000.0,2021-05-19T00:00:00.000Z,-89.937643,35.094537
4716434016,105,124,174,0.0,2155.0,2.0,0.0,205000.0,2017-04-05T00:00:00.000Z,-86.480995,34.648562
4716434240,2,5,175,0.0,0.0,0.0,0.0,0.0,Not available,-117.943358,34.086742
4716457296,106,19,176,3.0,1848.0,2.0,5876.0,0.0,2012-12-12T00:00:00.000Z,-96.09144,29.333753
4716457488,2,5,177,0.0,0.0,0.0,0.0,0.0,Not available,-71.12741,42.415267
4716457680,2,125,178,3.0,1588.0,2.5,16768.0,0.0,Not available,-87.712147,41.550596
4716544048,107,126,179,0.0,1276.0,1.0,7057.0,34900.0,1993-04-01T00:00:00.000Z,-87.261914,30.45657
4716544336,108,127,180,4.0,2233.0,3.0,8080.0,1430000.0,2021-06-22T00:00:00.000Z,-81.442746,24.651724
4716544816,109,128,181,3.0,1358.0,2.0,7330.0,0.0,2022-10-18T00:00:00.000Z,-100.78873,46.844644
4716545200,110,129,182,4.0,2760.0,3.5,6168.0,0.0,2013-09-04T00:00:00.000Z,-95.674629,30.003021
4716545392,111,35,183,0.0,0.0,0.0,110207.0,127000.0,2019-08-19T00:00:00.000Z,-82.067597,27.951723
4716545680,112,130,184,3.0,1248.0,1.5,13939.0,284500.0,2022-01-12T00:00:00.000Z,-82.651831,35.560186
4716546064,113,131,185,3.0,1310.0,2.0,12125.0,76000.0,2012-05-14T00:00:00.000Z,-81.465529,41.150501
4716546256,114,132,186,3.0,1547.0,2.0,8015.0,0.0,2018-10-10T00:00:00.000Z,-98.333226,29.543428
4716546544,115,133,187,3.0,2400.0,3.5,1307.0,312500.0,2015-06-19T00:00:00.000Z,-80.851773,35.494579
4716546736,2,5,188,0.0,0.0,0.0,0.0,0.0,Not available,-117.133258,33.019901
4716547120,116,134,189,3.0,1399.0,2.0,7182.0,88700.0,1992-09-01T00:00:00.000Z,-82.561178,28.068759
4716547312,2,5,190,0.0,0.0,0.0,0.0,0.0,Not available,-112.063144,33.530367
4716547504,2,24,191,3.0,1672.0,2.0,20038.0,0.0,Not available,-83.982887,35.85705
4716547984,117,135,192,3.0,1507.0,2.0,6094.0,0.0,2021-04-12T00:00:00.000Z,-97.382485,32.614927
4716626256,2,136,193,0.0,1568.0,0.0,43560.0,0.0,Not available,-80.933213,34.825837
4716630464,2,5,194,0.0,0.0,0.0,0.0,0.0,Not available,-81.414876,41.028604
4716626448,2,5,195,0.0,0.0,0.0,0.0,0.0,Not available,-80.78348,35.280844
4716626832,118,137,196,4.0,1552.0,1.5,110642.0,180000.0,2017-12-19T00:00:00.000Z,-76.017595,40.277482
4716627216,2,138,197,4.0,2444.0,3.5,12058.0,0.0,Not available,-94.835582,39.025085
4716434576,2,5,198,0.0,0.0,0.0,0.0,0.0,Not available,-87.546361,33.2433
4716627408,2,5,199,0.0,0.0,0.0,0.0,0.0,Not available,-111.880806,33.423598
4716627696,119,139,200,4.0,3340.0,2.5,13499.0,635000.0,2023-08-08T00:00:00.000Z,-93.768142,41.582562
4716627888,2,32,201,1.0,767.0,1.0,0.0,0.0,Not available,-121.480004,38.413624
4716633744,120,140,202,3.0,1872.0,3.0,0.0,251600.0,2018-05-03T00:00:00.000Z,-81.209787,28.662518
4716628560,121,141,203,3.0,1556.0,2.0,8276.0,71200.0,1997-05-05T00:00:00.000Z,-80.70331,28.375527
4716628848,122,142,204,2.0,986.0,2.0,7492.0,0.0,2020-12-08T00:00:00.000Z,-100.448179,31.509854
4716629136,123,143,205,4.0,2703.0,2.5,16988.0,0.0,2013-03-01T00:00:00.000Z,-93.282714,37.126007
4716629520,124,144,206,4.0,2612.0,3.5,26136.0,288000.0,2012-08-20T00:00:00.000Z,-83.791293,33.763745
4716629712,2,5,207,0.0,0.0,0.0,0.0,0.0,Not available,-121.560795,39.125997
4716704080,125,145,208,4.0,2877.0,3.0,7235.0,0.0,2016-06-15T00:00:00.000Z,-97.557545,30.478835
4716704272,2,5,209,0.0,0.0,0.0,0.0,0.0,Not available,-111.022512,32.302867
4716704656,2,146,210,3.0,1144.0,2.0,261796.0,0.0,Not available,-79.891353,36.166992
4716705040,126,147,211,3.0,3144.0,3.5,22782.0,480000.0,2021-08-09T00:00:00.000Z,-83.641282,42.642145
4716705424,127,148,212,6.0,3758.0,2.5,296208.0,0.0,2023-07-12T00:00:00.000Z,-97.765711,30.532661
4716705808,128,149,213,2.0,1004.0,1.0,620.0,125000.0,2023-04-18T00:00:00.000Z,-75.157334,39.929939
4716730208,2,5,214,0.0,0.0,0.0,0.0,0.0,Not available,-99.46741,27.526811
4716706000,2,5,215,0.0,0.0,0.0,0.0,0.0,Not available,-72.035208,42.079077
4716435136,2,5,216,0.0,0.0,0.0,0.0,0.0,Not available,-97.290611,32.866503
4716706288,2,150,217,0.0,862.0,0.0,103237.0,0.0,Not available,-73.807977,40.730068
4716730848,129,5,218,0.0,0.0,0.0,0.0,0.0,2013-04-01T00:00:00.000Z,-87.395215,41.288325
4716706480,130,24,219,2.0,1736.0,1.5,33106.0,79000.0,1996-10-01T00:00:00.000Z,-86.886837,37.405794
4716435360,131,69,220,1.0,674.0,1.0,0.0,212000.0,2020-11-17T00:00:00.000Z,-105.954982,35.649695
4716706864,132,151,221,8.0,3381.0,3.0,3125.0,239000.0,2006-03-31T00:00:00.000Z,-87.723411,41.859602
4716707056,2,152,222,1.0,0.0,1.0,0.0,0.0,Not available,-102.379948,31.846765
4716707344,2,153,223,2.0,1220.0,1.0,8320.0,0.0,Not available,-108.199786,36.739501
4716707728,133,154,224,3.0,1231.0,1.0,10454.0,165000.0,2015-05-13T00:00:00.000Z,-87.898562,41.527708
4716798288,134,155,225,0.0,2597.0,4.0,8962.0,285000.0,2017-05-01T00:00:00.000Z,-82.75471,28.200363
4716798672,135,156,226,3.0,1369.0,2.0,10799.0,210000.0,2017-04-21T00:00:00.000Z,-71.362714,41.802764
4716799056,136,157,227,0.0,0.0,0.0,4356.0,341800.0,2022-05-12T00:00:00.000Z,-81.246317,28.224976
4716799248,2,5,228,0.0,0.0,0.0,0.0,0.0,Not available,-82.131425,29.185467
4716799536,2,158,229,3.0,1290.0,1.0,7000.0,0.0,Not available,-106.310011,42.843624
4716799920,137,159,230,2.0,808.0,2.0,7884.0,279000.0,2018-10-02T00:00:00.000Z,-104.769177,39.690993
4716800112,2,24,231,3.0,1651.0,2.5,0.0,0.0,Not available,-106.62283,35.165292
4716800304,138,160,232,3.0,973.0,1.0,10324.0,145000.0,2018-08-03T00:00:00.000Z,-80.066905,26.666189
4716800688,139,161,233,4.0,3531.0,3.0,13939.0,170000.0,2013-01-23T00:00:00.000Z,-80.594656,28.022846
4716801072,140,162,234,4.0,2826.0,6.0,11326.0,1400000.0,2021-01-22T00:00:00.000Z,-80.887378,32.207486
4716801552,141,163,235,4.0,2715.0,2.5,12500.0,1180000.0,2000-05-01T00:00:00.000Z,-122.066636,37.316001
4716801744,142,24,236,3.0,1862.0,2.0,27878.0,134000.0,2022-06-16T00:00:00.000Z,-85.531003,34.756983
4716801936,2,5,237,0.0,0.0,0.0,0.0,0.0,Not available,-80.339205,41.021488
4716884112,2,35,238,0.0,0.0,0.0,6140653.0,0.0,Not available,-87.47872588,35.74923988
4716884592,143,164,239,5.0,3683.0,5.0,4375.0,295000.0,2011-01-12T00:00:00.000Z,-87.835795,41.952362
4716884976,144,165,240,4.0,1896.0,2.0,7997.0,210000.0,2017-08-01T00:00:00.000Z,-71.778407,42.266342
4716885456,145,166,241,3.0,1800.0,1.0,3049.0,25400.0,1978-02-01T00:00:00.000Z,-75.533686,39.759907
4716885840,146,167,242,5.0,3842.0,4.5,9409.0,0.0,2013-12-05T00:00:00.000Z,-98.508186,29.668034
4716886320,147,168,243,5.0,3238.0,3.0,6098.0,0.0,2020-11-13T00:00:00.000Z,-96.895932,33.186453
4716886704,148,169,244,2.0,1435.0,2.0,7623.0,29566.0,1981-08-21T00:00:00.000Z,-89.983889,35.102431
4716887088,149,170,245,3.0,1855.0,2.0,7345.0,398003.0,2019-01-16T00:00:00.000Z,-118.15879,34.595236
4716922800,150,171,246,3.0,2184.0,2.5,459994.0,70000.0,2009-12-31T00:00:00.000Z,-70.374793,43.957125
4716887664,151,172,247,4.0,1914.0,2.0,4800.0,320000.0,2021-09-24T00:00:00.000Z,-82.32238,27.714612
4716961936,2,173,248,0.0,1024.0,1.0,12240.0,0.0,Not available,-87.352758,46.495509
4716962416,152,174,249,0.0,896.0,0.0,5001.0,0.0,2012-02-14T00:00:00.000Z,-97.442325,25.881556
4716962800,153,175,250,3.0,1060.0,2.0,10890.0,8000.0,2011-11-10T00:00:00.000Z,-80.183206,36.075066
4716963280,154,176,251,2.0,1991.0,2.0,18000.0,166000.0,2020-10-06T00:00:00.000Z,-82.651932,34.523926
4716963568,155,177,252,4.0,1968.0,2.0,10649.0,0.0,2020-11-17T00:00:00.000Z,-149.767608,61.194164
4716963856,2,178,253,3.0,2414.0,2.0,6752.0,0.0,Not available,-97.568232,35.493811
4716964240,156,179,254,0.0,1952.0,2.0,6000.0,187870.0,2016-07-26T00:00:00.000Z,-82.660777,28.371488
4716964432,2,24,255,0.0,0.0,0.0,96703.0,0.0,Not available,-79.573796,35.318141
4716436368,2,5,256,0.0,0.0,0.0,0.0,0.0,Not available,-85.700426,42.983092
4716964624,2,24,257,1.0,700.0,1.0,0.0,0.0,Not available,-82.928238,42.493706
4716965104,157,180,258,5.0,3257.0,0.0,6500.0,283600.0,2014-11-19T00:00:00.000Z,-86.992009,33.316666
4716965392,158,181,259,3.0,1338.0,2.0,33106.0,135000.0,2006-09-01T00:00:00.000Z,-79.744229,35.988386
4716965584,2,5,260,0.0,0.0,0.0,0.0,0.0,Not available,-74.221102,40.5759
4717039760,159,182,261,3.0,1398.0,1.0,11326.0,240000.0,2022-04-20T00:00:00.000Z,-84.492318,34.251203
4717039952,160,32,262,1.0,630.0,1.0,0.0,450000.0,2010-06-02T00:00:00.000Z,-84.345258,34.88133
4717040144,2,5,263,0.0,0.0,0.0,0.0,0.0,Not available,-118.27848,34.008799
4717040432,161,183,264,4.0,1948.0,2.0,19166.0,244992.0,2020-11-16T00:00:00.000Z,-86.840498,34.824502
4717040624,2,5,265,0.0,0.0,0.0,0.0,0.0,Not available,-97.719376,31.105896
4717041008,162,184,266,3.0,2205.0,2.0,43560.0,120000.0,2001-10-31T00:00:00.000Z,-122.091976,37.085384
4717041392,163,185,267,0.0,959.0,2.0,0.0,222000.0,2012-01-26T00:00:00.000Z,-122.679479,45.510237
4717041680,2,186,268,3.0,1980.0,1.5,4140.0,0.0,Not available,-78.790554,42.83696
4717042064,164,187,269,2.0,1427.0,1.0,1307.0,217500.0,2013-06-26T00:00:00.000Z,-116.527782,33.804687
4717042256,165,24,270,5.0,2359.0,3.0,0.0,192500.0,2018-08-02T00:00:00.000Z,-84.780496,33.998097
4717042640,166,188,271,3.0,1781.0,3.5,1053.0,360000.0,2016-12-19T00:00:00.000Z,-76.583549,39.285761
4717043024,167,189,272,2.0,1216.0,1.0,43560.0,65000.0,2022-11-21T00:00:00.000Z,-79.802656,35.99134
4716436816,168,190,273,4.0,1312.0,2.0,6978.0,0.0,2011-06-14T00:00:00.000Z,-106.191281,31.707008
4717043408,169,191,274,3.0,1365.0,1.0,7650.0,84500.0,1998-09-04T00:00:00.000Z,-80.27066,25.929936
4717125872,2,192,275,0.0,960.0,1.0,6856.0,0.0,Not available,-80.083591,26.463362
4717126256,170,193,276,3.0,1244.0,2.0,4966.0,439000.0,2023-08-02T00:00:00.000Z,-85.849745,30.204741
4717126544,171,194,277,4.0,1584.0,2.0,10200.0,228000.0,2009-03-20T00:00:00.000Z,-117.210843,33.209771
4717126928,172,195,278,2.0,1682.0,3.0,1220.0,247302.0,2001-08-01T00:00:00.000Z,-104.874963,39.690693
4717127120,2,5,279,0.0,0.0,0.0,0.0,0.0,Not available,-75.594452,39.28654
4717127504,2,196,280,3.0,1290.0,2.0,10454.0,0.0,Not available,-89.045631,42.674365
4717127696,2,5,281,0.0,0.0,0.0,0.0,0.0,Not available,-104.895851,39.740203
4717133696,173,197,282,3.0,1306.0,2.0,0.0,0.0,2022-05-19T00:00:00.000Z,-97.882013,30.009996
4717127984,2,5,283,0.0,0.0,0.0,0.0,0.0,Not available,-122.333882,37.924001
4717128176,2,5,284,0.0,0.0,0.0,0.0,0.0,Not available,-94.113762,30.125634
4717128464,2,198,285,2.0,840.0,1.0,0.0,0.0,Not available,-117.31853,34.525507
4717172336,174,199,286,2.0,768.0,1.0,2614.0,33000.0,2012-01-19T00:00:00.000Z,-81.843526,38.413832
4717128848,2,200,287,0.0,1021.0,1.0,6000.0,0.0,Not available,-97.734351,31.112371
4716437152,175,201,288,3.0,1360.0,1.5,9295.0,325000.0,2022-02-23T00:00:00.000Z,-87.896806,42.093187
4717129232,2,202,289,1.0,970.0,1.0,0.0,0.0,Not available,-71.436554,41.82526
4717215792,176,203,290,4.0,2067.0,2.0,7405.0,450000.0,2022-10-11T00:00:00.000Z,-115.244344,36.312136
4717216176,2,204,291,0.0,1512.0,0.0,1027232.0,0.0,Not available,-81.674008,28.012902
4717216560,177,205,292,3.0,1401.0,2.0,5663.0,115000.0,2012-01-13T00:00:00.000Z,-111.655211,33.361159
4717216752,2,5,293,0.0,0.0,0.0,0.0,0.0,Not available,-95.384033,29.863299
4717217040,178,206,294,4.0,1998.0,2.5,9239.0,299900.0,2021-12-17T00:00:00.000Z,-84.483635,37.958993
4717217232,179,24,295,3.0,1932.0,2.5,32234.0,285000.0,2010-07-13T00:00:00.000Z,-73.865253,41.603669
4717217520,180,194,296,4.0,1729.0,3.0,4488.0,370000.0,2022-07-29T00:00:00.000Z,-117.190279,33.155034
4717217904,181,207,297,3.0,1281.0,2.0,8756.0,0.0,2019-06-11T00:00:00.000Z,-86.246456,39.813744
4717218096,182,208,298,3.0,2382.0,2.0,30375.0,0.0,2023-11-29T00:00:00.000Z,-101.959353,33.5833
4717218288,2,24,299,3.0,2260.0,2.5,0.0,0.0,Not available,-76.666273,40.254186
4717218480,2,209,300,3.0,1170.0,2.0,21780.0,0.0,Not available,-72.02368,41.593765
4717218768,183,210,301,4.0,2313.0,4.0,1133.0,2332000.0,2023-04-19T00:00:00.000Z,-106.413129,39.635759
4717219248,184,211,302,4.0,2663.0,2.5,12515.0,0.0,2024-07-22T00:00:00.000Z,-95.20626,30.054499
4717219728,185,212,303,3.0,1839.0,1.5,13375.0,0.0,2003-05-28T00:00:00.000Z,-85.072385,41.107531
4717306000,2,5,304,0.0,0.0,0.0,0.0,0.0,Not available,-122.489583,45.618999
4717306384,2,213,305,3.0,1986.0,2.0,20400.0,0.0,Not available,-104.861307,38.782741
4717306576,186,24,306,3.0,1188.0,2.5,142877.0,229900.0,2020-08-31T00:00:00.000Z,-79.265745,40.22783
4717306768,2,5,307,0.0,0.0,0.0,0.0,0.0,Not available,-123.28112899999999,44.548425
4717306960,2,24,308,3.0,1860.0,2.0,15246.0,0.0,Not available,-91.991148,34.269384
4717307344,187,214,309,4.0,3092.0,5.5,46609.0,555000.0,2021-03-19T00:00:00.000Z,-83.987358,33.118689
4717307728,188,215,310,4.0,2468.0,2.5,4792.0,308365.0,2005-05-10T00:00:00.000Z,-122.180129,47.857265
4717336256,189,216,311,4.0,2374.0,2.5,7841.0,375000.0,2022-04-05T00:00:00.000Z,-86.37027,39.738448
4717308208,190,217,312,5.0,3453.0,4.0,7801.0,375000.0,2018-12-28T00:00:00.000Z,-82.513953,27.425104
4717308400,2,218,313,0.0,1947.0,2.0,14997.0,0.0,Not available,-80.08258,26.464459
4717308592,2,32,314,3.0,0.0,1.0,0.0,0.0,Not available,-71.017723,42.400635
4717309072,191,172,315,3.0,2200.0,2.0,4600.0,269000.0,2020-10-27T00:00:00.000Z,-82.361121,27.89064
4717309456,192,219,316,4.0,2998.0,2.5,5800.0,1475000.0,2023-03-27T00:00:00.000Z,-118.05151,33.780216
4717309840,193,220,317,0.0,1752.0,0.0,5001.0,275000.0,2001-09-12T00:00:00.000Z,-74.322595,40.793644
4717392304,194,221,318,0.0,2059.0,0.0,7457.0,0.0,2022-04-28T00:00:00.000Z,-96.462848,32.712251
4717392496,2,5,319,0.0,0.0,0.0,0.0,0.0,Not available,-118.125813,34.085187
4717392880,195,222,320,2.0,2009.0,2.0,9600.0,152700.0,2005-04-21T00:00:00.000Z,-82.422244,27.106416
4717393168,2,223,321,4.0,2491.0,2.5,15682.0,0.0,Not available,-83.896006,33.828581
4717393552,196,224,322,4.0,2532.0,2.5,4356.0,339950.0,2004-10-14T00:00:00.000Z,-122.248509,47.809166
4717393840,197,225,323,3.0,975.0,1.0,9002.0,152000.0,2011-07-28T00:00:00.000Z,-87.760215,41.694039
4717394224,198,226,324,0.0,886.0,1.0,7275.0,260000.0,2017-05-08T00:00:00.000Z,-75.029477,39.402262
4717394608,199,227,325,3.0,1014.0,1.0,7200.0,0.0,2011-08-26T00:00:00.000Z,-96.642759,32.811927
4717394896,2,228,326,3.0,2300.0,2.5,30056.0,0.0,Not available,-82.322605,35.601651
4717395376,200,229,327,3.0,1306.0,1.5,4792.0,163000.0,2021-04-15T00:00:00.000Z,-83.077292,39.936703
4717395568,2,5,328,0.0,0.0,0.0,0.0,0.0,Not available,-122.330013,47.31246
4717435920,2,230,329,3.0,1344.0,1.0,0.0,0.0,Not available,-79.886556,40.855954
4717473936,201,231,330,4.0,2116.0,3.5,2102.0,364302.0,2021-01-12T00:00:00.000Z,-77.457752,39.428019
4717474320,202,232,331,0.0,2620.0,2.5,9117.0,209475.0,1991-11-04T00:00:00.000Z,-76.664807,39.198394
4717322624,203,233,332,0.0,702.0,1.0,321342.0,130000.0,2015-04-23T00:00:00.000Z,-87.427007,30.297598
4717475088,204,234,333,5.0,3966.0,3.0,9591.0,0.0,2021-03-16T00:00:00.000Z,-95.731745,29.668536
4717475568,205,235,334,4.0,3049.0,3.0,11761.0,523000.0,2019-06-27T00:00:00.000Z,-115.251532,36.312637
4717475760,2,5,335,0.0,0.0,0.0,0.0,0.0,Not available,-80.289509,40.702922
4717323072,206,236,336,2.0,1000.0,2.0,218671.0,173000.0,2022-05-20T00:00:00.000Z,-88.122115,42.062332
4717475952,2,5,337,0.0,0.0,0.0,0.0,0.0,Not available,-76.344723,37.706664
4717476144,2,5,338,0.0,0.0,0.0,0.0,0.0,Not available,-94.070846,32.476592
4717476336,2,5,339,0.0,0.0,0.0,0.0,0.0,Not available,-112.013829,33.668738
4717476720,207,237,340,3.0,1590.0,2.0,8712.0,0.0,2006-08-21T00:00:00.000Z,-116.430958,43.621408
4717323296,2,5,341,0.0,0.0,0.0,0.0,0.0,Not available,-80.267709,26.175863
4717477200,208,238,342,4.0,2168.0,2.5,31799.0,340000.0,2021-08-02T00:00:00.000Z,-72.805749,41.895176
4717323520,2,239,343,2.0,1076.0,2.0,0.0,0.0,Not available,-78.526305,38.008471
4717477680,2,5,344,0.0,0.0,0.0,0.0,0.0,Not available,-86.824383,36.231694
4717564048,209,240,345,3.0,1568.0,2.0,87120.0,110000.0,2021-01-20T00:00:00.000Z,-81.749614,31.828698
4717564432,2,241,346,0.0,1844.0,2.0,9017.0,0.0,Not available,-81.198892,29.630355
4717564624,2,5,347,0.0,0.0,0.0,0.0,0.0,Not available,-80.59791,35.467494
4717565008,210,242,348,4.0,2540.0,1.0,1410.0,260000.0,2021-04-21T00:00:00.000Z,-79.98443,40.427701
4717565296,211,243,349,1.0,537.0,1.0,0.0,0.0,2008-06-11T00:00:00.000Z,-95.399608,29.760659
4717565488,212,244,350,3.0,1120.0,1.0,8265.0,1200.0,2023-05-08T00:00:00.000Z,-84.315976,39.567126
4717565776,213,245,351,0.0,2088.0,4.0,2250.0,720000.0,2018-06-12T00:00:00.000Z,-77.215782,39.073758
4717587072,2,246,352,2.0,1746.0,1.5,38776.0,0.0,Not available,-94.828491,38.878062
4717566352,214,247,353,2.0,1236.0,2.0,1346.0,62500.0,1989-12-01T00:00:00.000Z,-80.096714,26.748242
4717324192,215,248,354,0.0,1650.0,1.0,14725.0,206000.0,2019-10-08T00:00:00.000Z,-86.626925,36.315125
4717566736,2,249,355,4.0,1944.0,2.5,12632.0,0.0,Not available,-82.896932,40.042263
4717566928,2,5,356,0.0,0.0,0.0,0.0,0.0,Not available,-93.624141,41.609459
4717567408,216,250,357,2.0,1488.0,3.0,9583.0,73000.0,1988-07-07T00:00:00.000Z,-72.740608,41.725755
4717567792,217,251,358,3.0,3593.0,2.5,10800.0,299000.0,2020-11-20T00:00:00.000Z,-83.970031,40.131788
4717662256,2,75,359,3.0,1152.0,2.0,0.0,0.0,Not available,-102.169212,31.951269
4717662736,218,252,360,0.0,0.0,0.0,8720594.0,335000.0,2018-11-05T00:00:00.000Z,-85.48163,38.235892
4717662928,219,24,361,3.0,2955.0,2.5,20909.0,750000.0,2022-09-20T00:00:00.000Z,-78.60818,35.982664
4717324640,220,253,362,2.0,1089.0,2.0,109247.0,200000.0,2009-02-13T00:00:00.000Z,-117.034993,32.836331
4717663216,221,254,363,4.0,1382.0,2.0,14375.0,0.0,2009-01-30T00:00:00.000Z,-90.020314,32.364922
4717663696,222,255,364,3.0,1408.0,2.0,9997.0,254500.0,2021-05-26T00:00:00.000Z,-111.705655,33.618341
4717664080,223,256,365,3.0,1206.0,1.0,17424.0,1000.0,1996-11-13T00:00:00.000Z,-84.159158,33.734534
4717664464,224,257,366,0.0,2020.0,0.0,126411.0,0.0,2020-08-28T00:00:00.000Z,-97.501213,26.072834
4717324864,2,69,367,2.0,1030.0,2.0,0.0,0.0,Not available,-78.621559,33.875015
4717664752,225,258,368,3.0,1342.0,1.0,7100.0,0.0,2014-08-01T00:00:00.000Z,-86.148611,39.92129
4717665136,226,259,369,3.0,1212.0,1.5,5301.0,29900.0,2010-04-07T00:00:00.000Z,-81.50931,40.806798
4717665520,2,260,370,4.0,2622.0,3.0,7603.0,0.0,Not available,-90.006156,30.021086
4717665808,227,261,371,3.0,1372.0,2.0,0.0,230000.0,2021-03-31T00:00:00.000Z,-82.505876,35.580393
4717325088,2,5,372,0.0,0.0,0.0,0.0,0.0,Not available,-87.702332,41.995154
4717741760,228,262,373,3.0,1512.0,2.0,32805.0,18000.0,2008-07-24T00:00:00.000Z,-84.622882,30.573069
4717666192,229,263,374,4.0,1812.0,2.0,174240.0,152000.0,2020-02-20T00:00:00.000Z,-84.701043,33.506284
4717765040,230,264,375,2.0,966.0,2.0,6970.0,200000.0,2014-06-30T00:00:00.000Z,-122.204254,47.946612
4717765232,231,24,376,3.0,1264.0,1.0,4792.0,715000.0,2019-01-15T00:00:00.000Z,-121.812691,37.36179
4717765712,232,265,377,0.0,1160.0,2.5,1600.0,129900.0,1994-10-14T00:00:00.000Z,-76.718912,39.110238
4717793888,233,266,378,0.0,2689.0,3.0,7457.0,440000.0,2021-05-18T00:00:00.000Z,-111.929057,33.355389
4717765904,234,24,379,3.0,3884.0,2.5,124146.0,175000.0,2000-11-08T00:00:00.000Z,-88.463899,43.872161
4717766192,235,267,380,3.0,1992.0,2.5,3485.0,282500.0,2021-07-27T00:00:00.000Z,-85.997762,39.952928
4717795568,2,268,381,2.0,880.0,1.0,6970.0,0.0,Not available,-87.83033,42.610296
4717795808,2,5,382,0.0,0.0,0.0,0.0,0.0,Not available,-71.071252,42.337088
4717766672,236,269,383,4.0,1673.0,2.0,6314.0,228400.0,2021-01-08T00:00:00.000Z,-81.817512,30.177409
4717767248,237,270,384,0.0,2348.0,0.0,25962.0,0.0,1995-12-28T00:00:00.000Z,-94.327985,32.544782
4717767440,238,271,385,3.0,1820.0,2.0,0.0,231585.0,2022-10-10T00:00:00.000Z,-80.99211,34.025302
4717767632,2,5,386,0.0,0.0,0.0,0.0,0.0,Not available,-98.491552,29.533043
4717767824,2,24,387,0.0,0.0,0.0,0.0,0.0,Not available,-81.779454,27.980827
4717768112,239,272,388,2.0,1266.0,2.5,0.0,199300.0,2022-08-12T00:00:00.000Z,-76.985577,40.207776
4717768592,240,273,389,3.0,560.0,1.5,3485.0,224900.0,2015-05-29T00:00:00.000Z,-75.578434,39.746661
4717867440,241,274,390,3.0,533.0,2.0,0.0,200000.0,2017-02-28T00:00:00.000Z,-123.423927,48.096256
4717867728,242,275,391,0.0,0.0,0.0,47437.0,157500.0,2021-02-11T00:00:00.000Z,-80.658631,35.158114
4717841744,243,276,392,2.0,1273.0,2.0,5500.0,550000.0,2019-12-13T00:00:00.000Z,-122.294177,38.006439
4717868016,2,24,393,2.0,1152.0,1.0,1481040.0,0.0,Not available,-86.619666,35.729816
4717899984,2,277,394,0.0,2000.0,2.0,30000.0,0.0,Not available,-92.548531,34.615667
4717868400,244,278,395,3.0,1470.0,2.0,25056.0,300000.0,2022-10-26T00:00:00.000Z,-86.79593,33.442307
4717325872,2,279,396,0.0,751.0,0.0,0.0,0.0,Not available,-106.067481,39.48685
4717868880,2,5,397,0.0,0.0,0.0,0.0,0.0,Not available,-121.598211,36.696161
4717869264,245,280,398,0.0,2106.0,2.5,21344.0,410000.0,2017-11-22T00:00:00.000Z,-76.947007,39.422836
4717902624,2,281,399,3.0,1095.0,2.0,12197.0,0.0,Not available,-83.568334,32.869425
4717936688,246,282,400,3.0,1420.0,3.0,165918.0,125001.0,1997-12-19T00:00:00.000Z,-117.794025,34.036991
4717869744,247,283,401,2.0,700.0,2.0,3991.0,194500.0,2020-10-14T00:00:00.000Z,-104.726863,38.896196
4717869936,2,5,402,0.0,0.0,0.0,0.0,0.0,Not available,-81.125895,37.343186
4717870128,2,5,403,0.0,0.0,0.0,0.0,0.0,Not available,-79.845906,36.579987
4717946240,248,284,404,0.0,0.0,0.0,8276.0,39900.0,2012-11-01T00:00:00.000Z,-89.526756,43.312442
4717870416,2,5,405,0.0,0.0,0.0,0.0,0.0,Not available,-77.059044,38.775342
4717870608,2,35,406,0.0,0.0,0.0,43560.0,0.0,Not available,-87.520417,34.815773
4717870800,2,24,407,3.0,1531.0,2.0,20909.0,0.0,Not available,-78.303562,36.11448
4717870992,2,35,408,0.0,0.0,0.0,3796690.0,0.0,Not available,-90.150283,31.195599
4717965456,2,5,409,0.0,0.0,0.0,0.0,0.0,Not available,-95.609987,29.716038
4717965744,249,285,410,0.0,1244.0,2.0,9583.0,107000.0,1998-12-01T00:00:00.000Z,-92.24611,34.790871
4717966128,250,286,411,3.0,3250.0,2.5,14375.0,630000.0,2023-10-02T00:00:00.000Z,-123.085469,44.952429
4717966512,251,287,412,3.0,1958.0,2.0,9027.0,0.0,2005-12-29T00:00:00.000Z,-96.987613,32.706312
4717966896,252,288,413,2.0,1056.0,2.0,2600.0,120000.0,2003-06-19T00:00:00.000Z,-117.72133,34.048065
4717967088,253,69,414,2.0,2136.0,2.5,0.0,2730000.0,2019-02-22T00:00:00.000Z,-80.121124,25.876474
4717967376,254,289,415,0.0,990.0,1.0,43560.0,16700.0,1985-06-10T00:00:00.000Z,-81.236492,35.099182
4717967856,2,290,416,3.0,1310.0,2.0,6098.0,0.0,Not available,-121.628542,39.153734
4717968144,255,291,417,7.0,2524.0,4.0,6403.0,334961.0,1995-08-07T00:00:00.000Z,-118.160344,33.772667
4717968528,256,292,418,4.0,1926.0,0.0,3010.0,650000.0,2022-08-18T00:00:00.000Z,-74.060346,40.74002
4717969008,257,293,419,3.0,1965.0,2.5,6970.0,258000.0,2020-12-09T00:00:00.000Z,-81.005694,34.008849
4718039088,258,294,420,3.0,1308.0,2.0,7013.0,0.0,2021-10-08T00:00:00.000Z,-111.175093,45.77854
4718039376,2,295,421,0.0,2332.0,0.0,10498.0,0.0,Not available,-74.999778,39.773967999999996
4718039664,259,296,422,0.0,1765.0,2.0,11875.0,106950.0,1993-06-23T00:00:00.000Z,-86.478379,35.984243
4718040144,260,297,423,3.0,1190.0,1.0,10454.0,60000.0,2022-01-26T00:00:00.000Z,-79.745634,36.074798
4718040432,2,298,424,4.0,1584.0,2.0,0.0,0.0,Not available,-81.08381,34.054196
4718040816,261,299,425,3.0,1168.0,1.0,46172.0,171900.0,2016-08-26T00:00:00.000Z,-81.735714,41.3054
4718041104,262,300,426,3.0,2444.0,2.5,20038.0,339000.0,2021-02-26T00:00:00.000Z,-80.606213,35.579809
4718041296,2,301,427,1.0,374.0,1.0,370.0,0.0,Not available,-122.740069,48.917563
4717936912,2,5,428,0.0,0.0,0.0,0.0,0.0,Not available,-80.549414,40.635299
4718041680,263,302,429,0.0,1254.0,0.0,10454.0,114500.0,2002-06-03T00:00:00.000Z,-91.961634,30.112471
4718042064,2,303,430,2.0,1848.0,2.0,6965.0,0.0,Not available,-85.79283,38.223539
4718042352,2,304,431,0.0,1329.0,1.5,13504.0,0.0,Not available,-92.209635,34.832363
4718042544,2,19,432,2.0,1601.0,2.0,0.0,0.0,Not available,-82.457231,27.29361
4718042928,264,305,433,8.0,2880.0,4.0,8377.0,182000.0,1998-08-10T00:00:00.000Z,-118.21931,34.06877
4718129392,2,306,434,4.0,2168.0,3.0,9468.0,0.0,Not available,-117.380223,34.089362
4718129680,265,307,435,2.0,1578.0,1.0,7492.0,0.0,2003-08-29T00:00:00.000Z,-98.45431,29.403599
4718130160,266,308,436,0.0,2080.0,2.0,11459.0,26500000.0,2020-06-25T00:00:00.000Z,-111.924777,33.553544
4718130640,267,309,437,2.0,1835.0,2.5,12979.0,1050000.0,2018-07-30T00:00:00.000Z,-122.349732,47.61616
4718131120,268,310,438,3.0,1409.0,2.5,7492.0,242000.0,2019-05-02T00:00:00.000Z,-83.757228,42.413966
4717937136,2,5,439,0.0,0.0,0.0,0.0,0.0,Not available,-118.101058,34.137063
4718131408,269,311,440,3.0,1226.0,2.0,7078.0,0.0,2020-08-04T00:00:00.000Z,-95.446296,29.831157
4718131792,2,312,441,3.0,764.0,2.0,108900.0,0.0,Not available,-123.274007,42.439264
4718131984,2,5,442,0.0,0.0,0.0,0.0,0.0,Not available,-76.9773,38.8913
4718132368,270,313,443,4.0,1534.0,2.0,8793.0,45800.0,2004-01-21T00:00:00.000Z,-81.424349,30.342788
4718132560,2,5,444,0.0,0.0,0.0,0.0,0.0,Not available,-84.590584,33.86864
4718132752,2,24,445,1.0,600.0,1.0,0.0,0.0,Not available,-120.967046,39.138949
4718133136,271,314,446,0.0,1360.0,0.0,436.0,218000.0,2022-08-24T00:00:00.000Z,-75.188301,39.848287
4718199152,2,24,447,3.0,1600.0,2.0,0.0,0.0,Not available,-101.970695,33.583241
4718211216,2,24,448,3.0,1748.0,1.0,43560.0,0.0,Not available,-94.586975,35.819619
4718211600,2,315,449,3.0,1176.0,2.0,11761.0,0.0,Not available,-97.319307,37.790945
4718211984,272,316,450,4.0,2312.0,3.0,15000.0,519000.0,2021-07-19T00:00:00.000Z,-81.107346,29.197466
4718212464,273,317,451,5.0,1144.0,2.0,4171.0,210000.0,2016-01-27T00:00:00.000Z,-76.09775,36.815044
4718212848,274,318,452,1.0,1056.0,1.0,0.0,0.0,2021-09-27T00:00:00.000Z,-97.070514,32.769335
4718213232,275,319,453,0.0,2406.0,0.0,8103.0,327500.0,2003-11-26T00:00:00.000Z,-81.976876,28.935299
4718213424,2,5,454,0.0,0.0,0.0,0.0,0.0,Not available,-119.231235,34.26944
4718213712,276,320,455,4.0,2844.0,2.5,17424.0,379900.0,2020-11-12T00:00:00.000Z,-86.068177,40.013034
4718214192,277,321,456,3.0,2030.0,3.0,4726.0,770000.0,2023-09-15T00:00:00.000Z,-82.651929,27.790904
4718214576,278,322,457,3.0,2446.0,3.0,22651.0,164500.0,2011-02-11T00:00:00.000Z,-82.794559,39.983229
4718214768,279,5,458,0.0,0.0,0.0,0.0,0.0,2017-08-03T00:00:00.000Z,-95.371808,29.86098
4718214960,280,323,459,3.0,1130.0,2.0,6125.0,100000.0,2015-06-16T00:00:00.000Z,-90.201939,38.909263
4718289040,281,324,460,4.0,1348.0,2.0,5641.0,116000.0,2006-10-02T00:00:00.000Z,-114.76755,32.485358
4718255280,2,5,461,0.0,0.0,0.0,0.0,0.0,Not available,-87.508257,41.679125
4718289424,2,325,462,0.0,25380.0,0.0,63597.0,0.0,Not available,-121.384755,38.667662
4718289808,282,326,463,2.0,1173.0,1.0,5101.0,10000.0,2009-08-13T00:00:00.000Z,-90.262441,38.726695
4718290000,2,5,464,0.0,0.0,0.0,0.0,0.0,Not available,-84.444955,33.785988
4718290480,283,327,465,0.0,1995.0,0.0,5001.0,440000.0,2006-04-13T00:00:00.000Z,-74.026732,40.874485
4718290864,284,19,466,0.0,0.0,0.0,5588.0,1000.0,2015-05-13T00:00:00.000Z,-80.487442,41.22848
4718291248,285,328,467,6.0,2986.0,2.5,10454.0,0.0,2022-06-30T00:00:00.000Z,-111.934727,40.471352
4718291728,286,329,468,3.0,1028.0,1.5,4879.0,125000.0,2016-11-04T00:00:00.000Z,-83.065757,39.910715
4718291920,287,330,469,12.0,3136.0,8.0,8276.0,0.0,2015-03-20T00:00:00.000Z,-111.964466,41.227158
4718292112,2,5,470,0.0,0.0,0.0,0.0,0.0,Not available,-95.986457,41.177038
4718292304,2,69,471,3.0,5498.0,4.5,0.0,0.0,Not available,-74.007825,40.71645
4718292688,288,331,472,2.0,1081.0,1.5,2552.0,240000.0,2011-03-24T00:00:00.000Z,-87.713928,42.032744
4718375056,2,332,473,3.0,1647.0,1.5,13983.0,0.0,Not available,-82.392754,38.410325
4718375536,289,333,474,3.0,1062.0,1.0,5166.0,86000.0,2021-10-01T00:00:00.000Z,-81.757245,41.459292
4718375920,290,334,475,3.0,1725.0,2.0,12798.0,300000.0,2023-06-29T00:00:00.000Z,-90.32763,38.791886
4718376304,291,335,476,3.0,1748.0,1.5,9000.0,55500.0,1977-06-01T00:00:00.000Z,-81.705074,41.366107
4718376496,2,5,477,0.0,0.0,0.0,0.0,0.0,Not available,-122.42677,37.742691
4718376976,292,336,478,3.0,1865.0,2.0,7170.0,0.0,2022-06-07T00:00:00.000Z,-95.172477,29.536256
4718408368,293,337,479,3.0,1334.0,2.0,17325.0,110000.0,2019-09-18T00:00:00.000Z,-91.405112,40.412157
4718377168,2,5,480,0.0,0.0,0.0,0.0,0.0,Not available,-78.378776,40.525913
4718377552,294,338,481,3.0,1871.0,2.5,7405.0,450000.0,2022-11-30T00:00:00.000Z,-84.279844,34.0859
4718378032,295,339,482,3.0,1440.0,2.0,8276.0,102500.0,2000-04-25T00:00:00.000Z,-82.193083,41.433702
4717937808,2,5,483,0.0,0.0,0.0,0.0,0.0,Not available,-81.293103,28.595374
4718378224,2,5,484,0.0,0.0,0.0,0.0,0.0,Not available,-70.950154,42.467214
4718378608,296,340,485,4.0,2545.0,3.0,12790.0,492343.0,2019-06-21T00:00:00.000Z,-117.42703,47.594469
4718378800,297,341,486,3.0,758.0,1.0,3920.0,4500.0,2009-04-01T00:00:00.000Z,-83.206605,42.433414
4718461072,2,342,487,3.0,1050.0,2.0,6083.0,0.0,Not available,-118.013677,33.822332
4718461552,298,343,488,3.0,1453.0,2.0,6621.0,260500.0,2021-12-16T00:00:00.000Z,-97.664934,35.634819
4718461744,2,5,489,0.0,0.0,0.0,0.0,0.0,Not available,-78.69919,40.316434
4718462128,2,344,490,2.0,1378.0,2.0,10585.0,0.0,Not available,-89.97369,35.102997
4718462608,2,345,491,0.0,1388.0,1.0,13939.0,0.0,Not available,-85.299649,34.877497
4718462992,299,346,492,0.0,1050.0,1.0,18461.0,100000.0,2016-07-11T00:00:00.000Z,-86.487174,36.574745
4718463376,300,347,493,3.0,1970.0,2.5,4800.0,1550000.0,2020-10-16T00:00:00.000Z,-122.309603,47.629734
4717938368,2,348,494,2.0,1020.0,2.0,1288.0,0.0,Not available,-122.078457,37.405339
4718463856,301,349,495,0.0,920.0,1.0,3485.0,2000.0,2005-06-29T00:00:00.000Z,-83.134154,42.373644
4718464336,302,350,496,4.0,2890.0,2.5,10934.0,274900.0,2018-04-16T00:00:00.000Z,-77.752755,38.371793
4718464720,303,351,497,4.0,2012.0,2.0,21780.0,275000.0,2019-09-27T00:00:00.000Z,-81.145141,35.224843
4718543088,304,352,498,0.0,1732.0,1.0,8400.0,0.0,1981-12-01T00:00:00.000Z,-97.720267,31.098732
4718543472,305,353,499,3.0,1662.0,2.5,3920.0,60100.0,2010-04-23T00:00:00.000Z,-115.087536,36.100631
4718543952,306,354,500,3.0,2083.0,2.5,4948.0,0.0,2012-01-17T00:00:00.000Z,-95.405782,30.008736
